x,y,species cloglog values
1.0,1.0,0.018375657
2.0,2.0,0.06399721
3.0,3.0,0.048500862
4.0,4.0,0.05822373
5.0,5.0,6.9587195E-4
6.0,6.0,0.0019234432
7.0,7.0,0.066928364
8.0,8.0,0.079659805
9.0,9.0,0.012107194
10.0,10.0,0.054160528
11.0,11.0,0.055214196
12.0,12.0,0.011372999
13.0,13.0,4.051319E-4
14.0,14.0,3.7030128E-4
15.0,15.0,0.45074496
16.0,16.0,0.042816747
17.0,17.0,0.053452637
18.0,18.0,0.027161786
19.0,19.0,0.031076625
20.0,20.0,0.024928318
21.0,21.0,0.03233315
22.0,22.0,0.031185301
23.0,23.0,0.015181812
24.0,24.0,0.051004987
25.0,25.0,0.04205761
26.0,26.0,0.003839355
27.0,27.0,0.061959572
28.0,28.0,0.07819624
29.0,29.0,0.041210692
30.0,30.0,0.0878884
31.0,31.0,0.002169705
32.0,32.0,0.015801068
33.0,33.0,0.09130096
34.0,34.0,0.100654565
35.0,35.0,0.0594306
36.0,36.0,0.08290452
37.0,37.0,0.08387217
38.0,38.0,0.018246744
39.0,39.0,0.018430049
40.0,40.0,0.019376095
41.0,41.0,0.0894927
42.0,42.0,0.09976707
43.0,43.0,0.12781826
44.0,44.0,0.093781814
45.0,45.0,0.09388117
46.0,46.0,0.023836143
47.0,47.0,0.18125394
48.0,48.0,0.08432144
49.0,49.0,0.08735464
50.0,50.0,0.10732194
51.0,51.0,0.05830692
52.0,52.0,0.05459887
53.0,53.0,0.065982655
54.0,54.0,0.011299056
55.0,55.0,0.09139773
56.0,56.0,0.10888311
57.0,57.0,0.09798806
58.0,58.0,0.076098025
59.0,59.0,0.03381056
60.0,60.0,0.0019805182
61.0,61.0,0.0073869643
62.0,62.0,0.038888343
63.0,63.0,0.0014493938
64.0,64.0,0.0063061775
65.0,65.0,0.081154734
66.0,66.0,0.04099335
67.0,67.0,0.004999869
68.0,68.0,0.059154786
69.0,69.0,0.080209695
70.0,70.0,0.00136447
71.0,71.0,0.0037317155
72.0,72.0,0.0011640519
73.0,73.0,0.044956584
74.0,74.0,0.051736217
75.0,75.0,0.2278738
76.0,76.0,0.0042102174
77.0,77.0,0.007267197
78.0,78.0,0.0051623415
79.0,79.0,7.5601856E-4
80.0,80.0,0.39521307
81.0,81.0,0.42443922
82.0,82.0,0.47411743
83.0,83.0,0.46546727
84.0,84.0,0.073727295
85.0,85.0,0.01435195
86.0,86.0,0.00457529
87.0,87.0,0.0012725547
88.0,88.0,5.6685647E-4
89.0,89.0,9.035905E-4
90.0,90.0,0.1375826
91.0,91.0,0.0012695406
92.0,92.0,0.0036562125
93.0,93.0,0.02670338
94.0,94.0,0.0144910365
95.0,95.0,0.008802181
96.0,96.0,0.005278782
97.0,97.0,0.01410926
98.0,98.0,0.15399985
99.0,99.0,0.03523685
100.0,100.0,0.057605926
101.0,101.0,0.18849789
102.0,102.0,0.10351557
103.0,103.0,0.038176782
104.0,104.0,0.0767591
105.0,105.0,0.069816634
106.0,106.0,0.0050064055
107.0,107.0,0.0011668756
108.0,108.0,0.0029516453
109.0,109.0,0.07226837
110.0,110.0,0.037083294
111.0,111.0,0.007088773
112.0,112.0,0.002343554
113.0,113.0,0.010880907
114.0,114.0,0.0050264024
115.0,115.0,0.11551497
116.0,116.0,0.16514558
117.0,117.0,0.025133414
118.0,118.0,0.22403596
119.0,119.0,0.24377964
120.0,120.0,0.059710205
121.0,121.0,0.2430172
122.0,122.0,0.07480879
123.0,123.0,0.10499229
124.0,124.0,0.03517079
125.0,125.0,0.09773887
126.0,126.0,0.07762673
127.0,127.0,0.7136111
128.0,128.0,0.6492397
129.0,129.0,0.48961675
130.0,130.0,0.68185526
131.0,131.0,0.3558664
132.0,132.0,0.18384075
133.0,133.0,0.1441454
134.0,134.0,0.25861487
135.0,135.0,0.26742682
136.0,136.0,0.10785977
137.0,137.0,0.70518434
138.0,138.0,0.2934603
139.0,139.0,0.24681768
140.0,140.0,0.08001079
141.0,141.0,0.11014478
142.0,142.0,0.1879561
143.0,143.0,0.014075443
144.0,144.0,0.0036010216
145.0,145.0,0.039590135
146.0,146.0,0.0055049364
147.0,147.0,0.768609
148.0,148.0,0.7575363
149.0,149.0,0.1897392
150.0,150.0,0.12988988
151.0,151.0,0.094530106
152.0,152.0,0.14404812
153.0,153.0,0.016926855
154.0,154.0,0.11347269
155.0,155.0,0.07411959
156.0,156.0,0.74394965
157.0,157.0,0.6714367
158.0,158.0,0.45300925
159.0,159.0,0.010986778
160.0,160.0,0.006016707
161.0,161.0,0.008892525
162.0,162.0,0.6380127
163.0,163.0,0.6755532
164.0,164.0,0.10979271
165.0,165.0,0.0019448671
166.0,166.0,0.0022108231
167.0,167.0,0.24447653
168.0,168.0,0.32371822
169.0,169.0,0.27183712
170.0,170.0,0.23214714
171.0,171.0,0.014272676
172.0,172.0,0.018874915
173.0,173.0,0.04630592
174.0,174.0,0.65095925
175.0,175.0,0.6933958
176.0,176.0,0.1859083
177.0,177.0,0.17710464
178.0,178.0,0.22602044
179.0,179.0,0.18724054
180.0,180.0,0.25904498
181.0,181.0,0.058018427
182.0,182.0,0.16257115
183.0,183.0,0.061790355
184.0,184.0,0.0028348118
185.0,185.0,0.056895066
186.0,186.0,0.0058084526
187.0,187.0,0.68539494
188.0,188.0,0.24349447
189.0,189.0,0.04546947
190.0,190.0,0.035146516
191.0,191.0,0.82479316
192.0,192.0,0.0110653825
193.0,193.0,0.57653487
194.0,194.0,0.43278295
195.0,195.0,0.10327858
196.0,196.0,0.12510756
197.0,197.0,0.097622514
198.0,198.0,0.06914623
199.0,199.0,0.5399131
200.0,200.0,0.48678878
201.0,201.0,0.4350859
202.0,202.0,0.21080403
203.0,203.0,0.07056222
204.0,204.0,0.008665458
205.0,205.0,0.011249472
206.0,206.0,0.060673706
207.0,207.0,0.0010362163
208.0,208.0,0.0014922492
209.0,209.0,9.995308E-4
210.0,210.0,0.44210252
211.0,211.0,0.46061546
212.0,212.0,0.1476425
213.0,213.0,0.065608814
214.0,214.0,0.058147326
215.0,215.0,0.009780668
216.0,216.0,0.0040687006
217.0,217.0,3.120474E-4
218.0,218.0,4.7669612E-4
219.0,219.0,5.1121163E-4
220.0,220.0,4.8482642E-4
221.0,221.0,0.029008368
222.0,222.0,0.035478357
223.0,223.0,0.079731554
224.0,224.0,0.16725083
225.0,225.0,0.091618806
226.0,226.0,9.780375E-4
227.0,227.0,0.002541161
228.0,228.0,3.6809916E-4
229.0,229.0,0.022085423
230.0,230.0,0.06341384
231.0,231.0,0.0035481795
232.0,232.0,0.0020694414
233.0,233.0,0.004395839
234.0,234.0,0.018578287
235.0,235.0,6.499112E-4
236.0,236.0,7.257942E-4
237.0,237.0,0.006439854
238.0,238.0,0.0091805225
239.0,239.0,0.00852432
240.0,240.0,0.08144922
241.0,241.0,0.01040279
242.0,242.0,0.042691547
243.0,243.0,0.097328864
244.0,244.0,0.11232137
245.0,245.0,0.5113946
246.0,246.0,0.48664
247.0,247.0,0.04185862
248.0,248.0,0.005054757
249.0,249.0,0.51103675
250.0,250.0,0.11705205
251.0,251.0,0.10287325
252.0,252.0,0.043092143
253.0,253.0,0.023209691
254.0,254.0,0.56498885
255.0,255.0,0.19773553
256.0,256.0,0.0010232213
257.0,257.0,0.03354784
258.0,258.0,0.54365206
259.0,259.0,0.31721038
260.0,260.0,0.004631805
261.0,261.0,0.40820503
262.0,262.0,0.5735013
263.0,263.0,0.0017967575
264.0,264.0,0.5804861
265.0,265.0,0.011115463
266.0,266.0,0.12637484
267.0,267.0,0.0016882811
268.0,268.0,0.50678337
269.0,269.0,0.08813212
270.0,270.0,8.775307E-4
271.0,271.0,9.524084E-4
272.0,272.0,0.0031459364
273.0,273.0,0.5699582
274.0,274.0,0.003983574
275.0,275.0,0.0068594264
276.0,276.0,0.002322018
277.0,277.0,0.01968077
278.0,278.0,0.0034678706
279.0,279.0,0.009084772
280.0,280.0,0.011367483
281.0,281.0,0.007173714
282.0,282.0,0.0064083147
283.0,283.0,0.0030385784
284.0,284.0,0.023025203
285.0,285.0,0.010311043
286.0,286.0,0.0010102754
287.0,287.0,0.13340579
288.0,288.0,8.780287E-4
289.0,289.0,0.0013717483
290.0,290.0,9.316257E-4
291.0,291.0,0.014877559
292.0,292.0,0.26187938
293.0,293.0,0.0032712324
294.0,294.0,0.004177451
295.0,295.0,0.009047119
296.0,296.0,0.001359926
297.0,297.0,0.0014553576
298.0,298.0,0.013322954
299.0,299.0,0.024214534
300.0,300.0,0.017783793
301.0,301.0,0.0012634735
302.0,302.0,0.00735038
303.0,303.0,0.0813857
304.0,304.0,0.12626259
305.0,305.0,0.046535425
306.0,306.0,0.14502501
307.0,307.0,0.25341427
308.0,308.0,0.18648478
309.0,309.0,0.018975321
310.0,310.0,0.02767357
311.0,311.0,0.010107648
312.0,312.0,0.0050589386
313.0,313.0,0.024922356
314.0,314.0,0.01239972
315.0,315.0,0.001146494
316.0,316.0,0.008437924
317.0,317.0,0.04220049
318.0,318.0,0.005621701
319.0,319.0,0.004183265
320.0,320.0,0.04173942
321.0,321.0,0.124333374
322.0,322.0,0.042910405
323.0,323.0,0.034486014
324.0,324.0,0.0011782162
325.0,325.0,0.033262994
326.0,326.0,0.017966967
327.0,327.0,9.312506E-4
328.0,328.0,0.10665483
329.0,329.0,0.1427707
330.0,330.0,0.14221042
331.0,331.0,0.1390838
332.0,332.0,0.16825561
333.0,333.0,0.15013087
334.0,334.0,0.06547577
335.0,335.0,0.10884951
336.0,336.0,0.031657
337.0,337.0,0.015684204
338.0,338.0,0.031240521
339.0,339.0,0.0012074134
340.0,340.0,0.0022888323
341.0,341.0,0.12981182
342.0,342.0,0.12881303
343.0,343.0,0.03201785
344.0,344.0,0.121339306
345.0,345.0,0.028738765
346.0,346.0,0.0014137726
347.0,347.0,0.0036216099
348.0,348.0,0.03914462
349.0,349.0,0.17641799
350.0,350.0,0.081364445
351.0,351.0,0.0018603317
352.0,352.0,8.92164E-4
353.0,353.0,0.0018242986
354.0,354.0,0.10004267
355.0,355.0,0.10075958
356.0,356.0,0.0028494354
357.0,357.0,0.0045586885
358.0,358.0,0.092677355
359.0,359.0,0.14706951
360.0,360.0,0.14708006
361.0,361.0,0.14677888
362.0,362.0,0.15589114
363.0,363.0,0.1770314
364.0,364.0,0.19234517
365.0,365.0,0.06321786
366.0,366.0,0.004418003
367.0,367.0,0.001088883
368.0,368.0,0.001159233
369.0,369.0,0.1655846
370.0,370.0,0.16404332
371.0,371.0,0.22554478
372.0,372.0,0.23187907
373.0,373.0,0.08620106
374.0,374.0,0.14035363
375.0,375.0,0.17290546
376.0,376.0,0.0492809
377.0,377.0,0.08597969
378.0,378.0,0.05692268
379.0,379.0,0.044324916
380.0,380.0,0.050067842
381.0,381.0,0.0070105707
382.0,382.0,0.0018861948
383.0,383.0,0.0015033443
384.0,384.0,0.006094892
385.0,385.0,0.06827701
386.0,386.0,0.12717482
387.0,387.0,0.07853423
388.0,388.0,0.012673125
389.0,389.0,0.026035886
390.0,390.0,0.12512203
391.0,391.0,0.15252371
392.0,392.0,0.15870924
393.0,393.0,0.23075175
394.0,394.0,0.0077291224
395.0,395.0,0.0031861998
396.0,396.0,0.20499608
397.0,397.0,0.25120786
398.0,398.0,0.34548727
399.0,399.0,0.31022778
400.0,400.0,0.25361153
401.0,401.0,0.23182537
402.0,402.0,0.17341225
403.0,403.0,0.06807658
404.0,404.0,0.014041419
405.0,405.0,0.05734195
406.0,406.0,0.0070247077
407.0,407.0,0.01201565
408.0,408.0,0.0029872397
409.0,409.0,6.0594175E-4
410.0,410.0,0.0010023869
411.0,411.0,0.030752068
412.0,412.0,0.2466131
413.0,413.0,0.33020836
414.0,414.0,0.10376229
415.0,415.0,0.008606779
416.0,416.0,0.0021311578
417.0,417.0,0.019697178
418.0,418.0,0.11155538
419.0,419.0,0.17265497
420.0,420.0,0.09118022
421.0,421.0,0.0020845039
422.0,422.0,0.006457801
423.0,423.0,0.0040630237
424.0,424.0,0.18569231
425.0,425.0,0.23048823
426.0,426.0,0.24384433
427.0,427.0,0.29192123
428.0,428.0,0.23022765
429.0,429.0,0.22027972
430.0,430.0,0.17983101
431.0,431.0,0.095129125
432.0,432.0,0.08870202
433.0,433.0,0.08004059
434.0,434.0,0.10984188
435.0,435.0,0.0052940124
436.0,436.0,8.6014695E-4
437.0,437.0,0.002416575
438.0,438.0,0.08147771
439.0,439.0,0.387873
440.0,440.0,0.6883484
441.0,441.0,0.25647992
442.0,442.0,0.0014547748
443.0,443.0,0.0037023134
444.0,444.0,0.025120407
445.0,445.0,0.08088028
446.0,446.0,0.18754745
447.0,447.0,0.08477405
448.0,448.0,0.03428069
449.0,449.0,0.02615639
450.0,450.0,0.17495531
451.0,451.0,0.17784038
452.0,452.0,0.259642
453.0,453.0,0.28126076
454.0,454.0,0.27345914
455.0,455.0,0.2623552
456.0,456.0,0.29632404
457.0,457.0,0.2758232
458.0,458.0,0.21140884
459.0,459.0,0.115060225
460.0,460.0,0.116876684
461.0,461.0,0.041685786
462.0,462.0,0.0021756303
463.0,463.0,8.4346026E-4
464.0,464.0,0.043307494
465.0,465.0,0.16495039
466.0,466.0,0.37765852
467.0,467.0,0.21573931
468.0,468.0,0.0042206245
469.0,469.0,0.0061649354
470.0,470.0,0.071587086
471.0,471.0,0.12633349
472.0,472.0,0.038914073
473.0,473.0,0.08357418
474.0,474.0,0.2038772
475.0,475.0,0.15971956
476.0,476.0,0.06528035
477.0,477.0,0.026543211
478.0,478.0,0.29695964
479.0,479.0,0.2886207
480.0,480.0,0.2721964
481.0,481.0,0.26798847
482.0,482.0,0.32828772
483.0,483.0,0.3507613
484.0,484.0,0.35931733
485.0,485.0,0.30285507
486.0,486.0,0.18850182
487.0,487.0,0.13461626
488.0,488.0,0.058668762
489.0,489.0,0.0070321513
490.0,490.0,0.012514297
491.0,491.0,0.2966543
492.0,492.0,0.26615694
493.0,493.0,0.026855122
494.0,494.0,0.0016120033
495.0,495.0,0.024451483
496.0,496.0,0.040191803
497.0,497.0,0.15729623
498.0,498.0,0.24343035
499.0,499.0,0.11257947
500.0,500.0,0.06393263
501.0,501.0,0.085929245
502.0,502.0,0.09848115
503.0,503.0,0.17110814
504.0,504.0,0.1366161
505.0,505.0,0.093364105
506.0,506.0,0.04362754
507.0,507.0,0.2084747
508.0,508.0,0.2440292
509.0,509.0,0.2551857
510.0,510.0,0.30779424
511.0,511.0,0.343184
512.0,512.0,0.42349866
513.0,513.0,0.5942449
514.0,514.0,0.36748603
515.0,515.0,0.26635247
516.0,516.0,0.3419348
517.0,517.0,0.3378957
518.0,518.0,0.20291962
519.0,519.0,0.06603493
520.0,520.0,0.29919413
521.0,521.0,0.36254293
522.0,522.0,0.26001632
523.0,523.0,0.09389553
524.0,524.0,0.086118795
525.0,525.0,0.11335449
526.0,526.0,0.14334731
527.0,527.0,0.17104949
528.0,528.0,0.18997386
529.0,529.0,0.16340734
530.0,530.0,0.07950215
531.0,531.0,0.049968783
532.0,532.0,0.05521942
533.0,533.0,0.02040511
534.0,534.0,0.18127942
535.0,535.0,0.28494126
536.0,536.0,0.32352936
537.0,537.0,0.4840909
538.0,538.0,0.45869765
539.0,539.0,0.3845588
540.0,540.0,0.2651399
541.0,541.0,0.35294828
542.0,542.0,0.32513815
543.0,543.0,0.27845114
544.0,544.0,0.15997021
545.0,545.0,0.16228233
546.0,546.0,0.24540836
547.0,547.0,0.38900623
548.0,548.0,0.26592496
549.0,549.0,0.09244788
550.0,550.0,0.0032001932
551.0,551.0,0.0010925012
552.0,552.0,0.070147656
553.0,553.0,0.08618825
554.0,554.0,0.060514323
555.0,555.0,0.025004042
556.0,556.0,0.042583328
557.0,557.0,0.14970343
558.0,558.0,0.28592068
559.0,559.0,0.36089528
560.0,560.0,0.34547526
561.0,561.0,0.5963226
562.0,562.0,0.68033326
563.0,563.0,0.4850558
564.0,564.0,0.34078547
565.0,565.0,0.26844898
566.0,566.0,0.226801
567.0,567.0,0.32201362
568.0,568.0,0.22877215
569.0,569.0,0.032568306
570.0,570.0,0.0025684522
571.0,571.0,0.0083701955
572.0,572.0,0.424034
573.0,573.0,0.51501846
574.0,574.0,0.59995645
575.0,575.0,0.38973808
576.0,576.0,0.35040092
577.0,577.0,0.43151197
578.0,578.0,0.66840374
579.0,579.0,0.7223698
580.0,580.0,0.36787423
581.0,581.0,0.2500769
582.0,582.0,0.5957225
583.0,583.0,0.32361957
584.0,584.0,0.34283805
585.0,585.0,0.102168955
586.0,586.0,0.0108390255
587.0,587.0,0.0014496427
588.0,588.0,0.52939796
589.0,589.0,0.5094828
590.0,590.0,0.32833755
591.0,591.0,0.17347266
592.0,592.0,0.29160872
593.0,593.0,0.21421874
594.0,594.0,0.32162526
595.0,595.0,0.31647313
596.0,596.0,0.33462754
597.0,597.0,0.35791206
598.0,598.0,0.24374793
599.0,599.0,0.38265175
600.0,600.0,0.4707812
601.0,601.0,0.48484638
602.0,602.0,0.5559137
603.0,603.0,0.39837396
604.0,604.0,0.3647721
605.0,605.0,0.24086198
606.0,606.0,0.29917216
607.0,607.0,0.2966677
608.0,608.0,0.22458524
609.0,609.0,0.010501726
610.0,610.0,0.38811746
611.0,611.0,0.5657072
612.0,612.0,0.5441857
613.0,613.0,0.72427887
614.0,614.0,0.48827684
615.0,615.0,0.39759925
616.0,616.0,0.33778474
617.0,617.0,0.09106217
618.0,618.0,0.1801023
619.0,619.0,0.23403849
620.0,620.0,0.23010038
621.0,621.0,0.29290658
622.0,622.0,0.3183061
623.0,623.0,0.3271096
624.0,624.0,0.39383775
625.0,625.0,0.575808
626.0,626.0,0.37676018
627.0,627.0,0.28695533
628.0,628.0,0.1902292
629.0,629.0,0.26600945
630.0,630.0,0.24719262
631.0,631.0,0.21647516
632.0,632.0,0.2144195
633.0,633.0,0.27097386
634.0,634.0,0.33933952
635.0,635.0,0.30245617
636.0,636.0,0.25051725
637.0,637.0,0.18130657
638.0,638.0,0.038272228
639.0,639.0,0.42767885
640.0,640.0,0.079220764
641.0,641.0,0.19307645
642.0,642.0,0.26080316
643.0,643.0,0.33885297
644.0,644.0,0.4552698
645.0,645.0,0.28225225
646.0,646.0,0.34145588
647.0,647.0,0.36031547
648.0,648.0,0.3631462
649.0,649.0,0.2176014
650.0,650.0,0.24213798
651.0,651.0,0.28959247
652.0,652.0,0.2518598
653.0,653.0,0.27978247
654.0,654.0,0.28761977
655.0,655.0,0.26483005
656.0,656.0,0.064640544
657.0,657.0,0.0015896263
658.0,658.0,0.5864631
659.0,659.0,0.17539804
660.0,660.0,0.25011602
661.0,661.0,0.35460466
662.0,662.0,0.56112504
663.0,663.0,0.68567526
664.0,664.0,0.37918788
665.0,665.0,0.22057687
666.0,666.0,0.30889028
667.0,667.0,0.2993511
668.0,668.0,0.28592384
669.0,669.0,0.2838232
670.0,670.0,0.21309212
671.0,671.0,0.22145829
672.0,672.0,0.22011274
673.0,673.0,0.10696156
674.0,674.0,0.079451375
675.0,675.0,0.010238541
676.0,676.0,7.462035E-4
677.0,677.0,0.31440267
678.0,678.0,0.6310194
679.0,679.0,0.5351934
680.0,680.0,0.5891456
681.0,681.0,0.34542495
682.0,682.0,0.2419123
683.0,683.0,0.36007425
684.0,684.0,0.2873056
685.0,685.0,0.32670578
686.0,686.0,0.36087817
687.0,687.0,0.28571787
688.0,688.0,0.21279909
689.0,689.0,0.2541688
690.0,690.0,0.27177492
691.0,691.0,0.25133675
692.0,692.0,0.057747398
693.0,693.0,0.0021293755
694.0,694.0,0.005919219
695.0,695.0,0.37422246
696.0,696.0,0.74741226
697.0,697.0,0.70184463
698.0,698.0,0.6206432
699.0,699.0,0.68662214
700.0,700.0,0.7727705
701.0,701.0,0.40619338
702.0,702.0,0.2832354
703.0,703.0,0.25039008
704.0,704.0,0.29868868
705.0,705.0,0.26907837
706.0,706.0,0.29757884
707.0,707.0,0.6079022
708.0,708.0,0.33229196
709.0,709.0,0.28199217
710.0,710.0,0.5682072
711.0,711.0,0.3187461
712.0,712.0,0.286674
713.0,713.0,0.14518757
714.0,714.0,0.012853642
715.0,715.0,0.011120866
716.0,716.0,0.32976925
717.0,717.0,0.43031207
718.0,718.0,0.5350405
719.0,719.0,0.5311048
720.0,720.0,0.3034604
721.0,721.0,0.2051866
722.0,722.0,0.19328073
723.0,723.0,0.26682383
724.0,724.0,0.56446224
725.0,725.0,0.26062363
726.0,726.0,0.2241609
727.0,727.0,0.15977007
728.0,728.0,0.014753848
729.0,729.0,0.017138738
730.0,730.0,0.022657994
731.0,731.0,0.039908852
732.0,732.0,0.095712565
733.0,733.0,0.008628474
734.0,734.0,0.38555068
735.0,735.0,0.39270303
736.0,736.0,0.7408135
737.0,737.0,0.3813954
738.0,738.0,0.13147445
739.0,739.0,0.21397766
740.0,740.0,0.29391712
741.0,741.0,0.24376854
742.0,742.0,0.19767728
743.0,743.0,0.027336504
744.0,744.0,0.4012031
745.0,745.0,0.4045249
746.0,746.0,0.62912816
747.0,747.0,0.29067147
748.0,748.0,0.35069615
749.0,749.0,0.3105721
750.0,750.0,0.8032092
751.0,751.0,0.68324697
752.0,752.0,0.70707256
753.0,753.0,0.12371265
754.0,754.0,0.010144778
755.0,755.0,0.013447828
756.0,756.0,0.7298822
757.0,757.0,0.30897385
758.0,758.0,0.31010762
759.0,759.0,0.24889635
760.0,760.0,0.12852845
761.0,761.0,0.40798742
762.0,762.0,0.15483287
763.0,763.0,0.6031421
764.0,764.0,0.6182057
765.0,765.0,0.4334302
766.0,766.0,0.38988742
767.0,767.0,0.3133694
768.0,768.0,0.6202405
769.0,769.0,0.5595488
770.0,770.0,0.4393364
771.0,771.0,0.44734377
772.0,772.0,0.7383349
773.0,773.0,0.6542184
774.0,774.0,0.28896627
775.0,775.0,0.27547932
776.0,776.0,0.5138915
777.0,777.0,0.59148943
778.0,778.0,0.63301784
779.0,779.0,0.6314251
780.0,780.0,0.65390325
781.0,781.0,0.62114656
782.0,782.0,0.22204624
783.0,783.0,0.5582409
784.0,784.0,0.44326138
785.0,785.0,0.4396547
786.0,786.0,0.48166177
787.0,787.0,0.49922618
788.0,788.0,0.48653296
789.0,789.0,0.48489568
790.0,790.0,0.47262502
791.0,791.0,0.49079907
792.0,792.0,0.45794708
793.0,793.0,0.34019136
794.0,794.0,0.031259757
795.0,795.0,0.24345858
796.0,796.0,0.2608207
797.0,797.0,0.22909075
798.0,798.0,0.019419966
799.0,799.0,0.55257845
800.0,800.0,0.030715052
801.0,801.0,0.6621882
802.0,802.0,0.44618878
803.0,803.0,0.50271326
804.0,804.0,0.23328108
805.0,805.0,0.6667776
806.0,806.0,0.6334029
807.0,807.0,0.036230925
808.0,808.0,0.50344974
809.0,809.0,0.481159
810.0,810.0,0.31418097
811.0,811.0,0.11259568
812.0,812.0,0.1462899
813.0,813.0,0.08874477
814.0,814.0,0.0630967
815.0,815.0,0.099337354
816.0,816.0,0.099102475
817.0,817.0,0.104860514
818.0,818.0,0.021439878
819.0,819.0,0.15657374
820.0,820.0,0.18702373
821.0,821.0,0.20282258
822.0,822.0,0.17038973
823.0,823.0,0.10287105
824.0,824.0,0.13400169
825.0,825.0,0.105400965
826.0,826.0,0.05697301
827.0,827.0,0.12863433
828.0,828.0,0.090772286
829.0,829.0,0.05707839
830.0,830.0,0.22330172
831.0,831.0,0.015753608
832.0,832.0,0.18676662
833.0,833.0,0.12690921
834.0,834.0,0.10724734
835.0,835.0,0.085970946
836.0,836.0,0.14668272
837.0,837.0,0.1751578
838.0,838.0,0.08122059
839.0,839.0,0.17144227
840.0,840.0,0.075029664
841.0,841.0,0.14865665
842.0,842.0,0.07652777
843.0,843.0,0.11906272
844.0,844.0,0.08314504
845.0,845.0,0.060407136
846.0,846.0,0.051791996
847.0,847.0,0.05402916
848.0,848.0,0.06559141
849.0,849.0,0.11258919
850.0,850.0,0.111477934
851.0,851.0,0.21195403
852.0,852.0,0.13007647
853.0,853.0,0.052185405
854.0,854.0,0.060348973
855.0,855.0,0.07468624
856.0,856.0,0.061602518
857.0,857.0,0.046548005
858.0,858.0,0.067477696
859.0,859.0,0.093383715
860.0,860.0,0.11012102
861.0,861.0,0.11276937
862.0,862.0,0.053963788
863.0,863.0,0.059560545
864.0,864.0,0.08731362
865.0,865.0,0.06353144
866.0,866.0,0.067549035
867.0,867.0,0.06712428
868.0,868.0,0.06517713
869.0,869.0,0.06179559
870.0,870.0,0.044795353
871.0,871.0,0.08142193
872.0,872.0,0.06869131
873.0,873.0,0.10054197
874.0,874.0,0.060272276
875.0,875.0,0.0873714
876.0,876.0,0.14083347
877.0,877.0,0.07776444
878.0,878.0,0.07935189
879.0,879.0,0.050814297
880.0,880.0,0.06305444
881.0,881.0,0.0976716
882.0,882.0,0.05365695
883.0,883.0,0.06108527
884.0,884.0,0.036255505
885.0,885.0,0.047893457
886.0,886.0,0.04630569
887.0,887.0,0.050057422
888.0,888.0,0.027960662
889.0,889.0,0.1376161
890.0,890.0,0.102391906
891.0,891.0,0.1488202
892.0,892.0,0.18927522
893.0,893.0,0.17975837
894.0,894.0,0.15196204
895.0,895.0,0.08844881
896.0,896.0,0.12343203
897.0,897.0,0.12702695
898.0,898.0,0.09180196
899.0,899.0,0.11588763
900.0,900.0,0.101006456
901.0,901.0,0.16798629
902.0,902.0,0.3869926
903.0,903.0,0.10710066
904.0,904.0,0.10396765
905.0,905.0,0.13105331
906.0,906.0,0.15222543
907.0,907.0,0.16130927
908.0,908.0,0.12128694
909.0,909.0,0.14180407
910.0,910.0,0.07981866
911.0,911.0,0.12046663
912.0,912.0,0.12352281
913.0,913.0,0.19692221
914.0,914.0,0.14258492
915.0,915.0,0.20133114
916.0,916.0,0.17666402
917.0,917.0,0.12197564
918.0,918.0,0.06691073
919.0,919.0,0.07818739
920.0,920.0,0.0992515
921.0,921.0,0.12954351
922.0,922.0,0.11482634
923.0,923.0,0.11193553
924.0,924.0,0.16591394
925.0,925.0,0.12784334
926.0,926.0,0.07037287
927.0,927.0,0.04845298
928.0,928.0,0.052982938
929.0,929.0,0.01524307
930.0,930.0,0.066493176
931.0,931.0,0.082144655
932.0,932.0,0.1069432
933.0,933.0,0.061742906
934.0,934.0,0.07864205
935.0,935.0,0.109546304
936.0,936.0,0.14045498
937.0,937.0,0.09800527
938.0,938.0,0.07940105
939.0,939.0,0.077281006
940.0,940.0,0.09911075
941.0,941.0,0.16088551
942.0,942.0,0.13630812
943.0,943.0,0.11705828
944.0,944.0,0.121742845
945.0,945.0,0.049029056
946.0,946.0,0.17498961
947.0,947.0,0.18827364
948.0,948.0,0.07808016
949.0,949.0,0.1069752
950.0,950.0,0.21111661
951.0,951.0,0.06919973
952.0,952.0,0.073829
953.0,953.0,0.107941866
954.0,954.0,0.109954
955.0,955.0,0.1130092
956.0,956.0,0.08127753
957.0,957.0,0.173256
958.0,958.0,0.17785357
959.0,959.0,0.083567046
960.0,960.0,0.08928867
961.0,961.0,0.1352858
962.0,962.0,0.11022119
963.0,963.0,0.13496706
964.0,964.0,0.17649102
965.0,965.0,0.15483838
966.0,966.0,0.076904766
967.0,967.0,0.08946151
968.0,968.0,0.11834066
969.0,969.0,0.12776235
970.0,970.0,0.09487485
971.0,971.0,0.2225851
972.0,972.0,0.07998053
973.0,973.0,0.10318033
974.0,974.0,0.16545147
975.0,975.0,0.12994201
976.0,976.0,0.07939555
977.0,977.0,0.04740753
978.0,978.0,0.24848138
979.0,979.0,0.18993026
980.0,980.0,0.13415144
981.0,981.0,0.092461325
982.0,982.0,0.19070081
983.0,983.0,0.080305204
984.0,984.0,0.12426572
985.0,985.0,0.29090557
986.0,986.0,0.2636463
987.0,987.0,0.28315726
988.0,988.0,0.15341823
989.0,989.0,0.17875586
990.0,990.0,0.090007976
991.0,991.0,0.15641624
992.0,992.0,0.093365185
993.0,993.0,0.14138949
994.0,994.0,0.15126643
995.0,995.0,0.16232115
996.0,996.0,0.106163636
997.0,997.0,0.10386652
998.0,998.0,0.12911533
999.0,999.0,0.15050201
1000.0,1000.0,0.12787564
1001.0,1001.0,0.1393746
1002.0,1002.0,0.08270106
1003.0,1003.0,0.11231144
1004.0,1004.0,0.1391982
1005.0,1005.0,0.15923443
1006.0,1006.0,0.11425413
1007.0,1007.0,0.095087916
1008.0,1008.0,0.11158585
1009.0,1009.0,0.14670426
1010.0,1010.0,0.15781078
1011.0,1011.0,0.06373501
1012.0,1012.0,0.15141496
1013.0,1013.0,0.12959346
1014.0,1014.0,0.10177605
1015.0,1015.0,0.07942086
1016.0,1016.0,0.0913593
1017.0,1017.0,0.09681256
1018.0,1018.0,0.12914135
1019.0,1019.0,0.05617468
1020.0,1020.0,0.11177363
1021.0,1021.0,0.07527947
1022.0,1022.0,0.1324415
1023.0,1023.0,0.1433932
1024.0,1024.0,0.119561486
1025.0,1025.0,0.13174585
1026.0,1026.0,0.12110643
1027.0,1027.0,0.10202481
1028.0,1028.0,0.10489886
1029.0,1029.0,0.12702805
1030.0,1030.0,0.10712389
1031.0,1031.0,0.08189356
1032.0,1032.0,0.118104264
1033.0,1033.0,0.11190514
1034.0,1034.0,0.11735353
1035.0,1035.0,0.09594664
1036.0,1036.0,0.10867424
1037.0,1037.0,0.12628852
1038.0,1038.0,0.10256565
1039.0,1039.0,0.14049138
1040.0,1040.0,0.096981935
1041.0,1041.0,0.07549911
1042.0,1042.0,0.11942759
1043.0,1043.0,0.110762395
1044.0,1044.0,0.07689245
1045.0,1045.0,0.17968401
1046.0,1046.0,0.12704127
1047.0,1047.0,0.082135566
1048.0,1048.0,0.099975035
1049.0,1049.0,0.09915907
1050.0,1050.0,0.060284488
1051.0,1051.0,0.22978018
1052.0,1052.0,0.10861755
1053.0,1053.0,0.08186215
1054.0,1054.0,0.08549306
1055.0,1055.0,0.081607684
1056.0,1056.0,0.12779996
1057.0,1057.0,0.051189985
1058.0,1058.0,0.15820763
1059.0,1059.0,0.09422768
1060.0,1060.0,0.08803627
1061.0,1061.0,0.07331464
1062.0,1062.0,0.08123567
1063.0,1063.0,0.04403753
1064.0,1064.0,0.14055659
1065.0,1065.0,0.08208441
1066.0,1066.0,0.030869886
1067.0,1067.0,0.04490072
1068.0,1068.0,0.07283287
1069.0,1069.0,0.07300983
1070.0,1070.0,0.08772681
1071.0,1071.0,0.13436769
1072.0,1072.0,0.08587795
1073.0,1073.0,0.046680514
1074.0,1074.0,0.050180793
1075.0,1075.0,0.053704306
1076.0,1076.0,0.036571994
1077.0,1077.0,0.11411249
1078.0,1078.0,0.07990583
1079.0,1079.0,0.085938446
1080.0,1080.0,0.06290668
1081.0,1081.0,0.035639107
1082.0,1082.0,0.08068788
1083.0,1083.0,0.07472147
1084.0,1084.0,0.029078169
1085.0,1085.0,0.108711034
1086.0,1086.0,0.047724154
1087.0,1087.0,0.070785575
1088.0,1088.0,0.06802029
1089.0,1089.0,0.06548716
1090.0,1090.0,0.034680128
1091.0,1091.0,0.06848125
1092.0,1092.0,0.11352606
1093.0,1093.0,0.09394352
1094.0,1094.0,0.0442167
1095.0,1095.0,0.115283154
1096.0,1096.0,0.10758718
1097.0,1097.0,0.110262506
1098.0,1098.0,0.13361128
1099.0,1099.0,0.060437754
1100.0,1100.0,0.050364982
1101.0,1101.0,0.09060138
1102.0,1102.0,0.09549198
1103.0,1103.0,0.07499424
1104.0,1104.0,0.06718399
1105.0,1105.0,0.0649024
1106.0,1106.0,0.10718143
1107.0,1107.0,0.14452349
1108.0,1108.0,0.059057802
1109.0,1109.0,0.047763
1110.0,1110.0,0.041393414
1111.0,1111.0,0.030972887
1112.0,1112.0,0.07104551
1113.0,1113.0,0.08765748
1114.0,1114.0,0.076565124
1115.0,1115.0,0.04421186
1116.0,1116.0,0.041279145
1117.0,1117.0,0.039630067
1118.0,1118.0,0.054416932
1119.0,1119.0,0.055933844
1120.0,1120.0,0.025711037
1121.0,1121.0,0.08323014
1122.0,1122.0,0.048950456
1123.0,1123.0,0.026078925
1124.0,1124.0,0.055872962
1125.0,1125.0,0.060304597
1126.0,1126.0,0.06589017
1127.0,1127.0,0.065021135
1128.0,1128.0,0.048794072
1129.0,1129.0,0.059322048
1130.0,1130.0,0.021937028
1131.0,1131.0,0.06961754
1132.0,1132.0,0.02602099
1133.0,1133.0,0.041132227
1134.0,1134.0,0.024915257
1135.0,1135.0,3.3703062E-4
1136.0,1136.0,0.04784609
1137.0,1137.0,0.03229333
1138.0,1138.0,0.008218814
1139.0,1139.0,0.042177122
1140.0,1140.0,0.018988576
1141.0,1141.0,0.014648986
1142.0,1142.0,0.10474494
1143.0,1143.0,0.085891314
1144.0,1144.0,0.08423002
1145.0,1145.0,0.10538247
1146.0,1146.0,0.04133427
1147.0,1147.0,0.056525122
1148.0,1148.0,0.063896425
1149.0,1149.0,0.0767
1150.0,1150.0,0.18715051
1151.0,1151.0,0.19177637
1152.0,1152.0,0.18196413
1153.0,1153.0,0.12929472
1154.0,1154.0,0.21913978
1155.0,1155.0,0.29861116
1156.0,1156.0,0.23585322
1157.0,1157.0,0.20927262
1158.0,1158.0,0.1387911
1159.0,1159.0,0.107041195
1160.0,1160.0,0.13825004
1161.0,1161.0,0.37930796
1162.0,1162.0,0.13191016
1163.0,1163.0,0.175488
1164.0,1164.0,0.15653078
1165.0,1165.0,0.29917943
1166.0,1166.0,0.14856869
1167.0,1167.0,0.19354817
1168.0,1168.0,0.13099861
1169.0,1169.0,0.11416453
1170.0,1170.0,0.18737885
1171.0,1171.0,0.10209606
1172.0,1172.0,0.2604824
1173.0,1173.0,0.06515297
1174.0,1174.0,0.0846658
1175.0,1175.0,0.14079617
1176.0,1176.0,0.16031608
1177.0,1177.0,0.24069445
1178.0,1178.0,0.20383082
1179.0,1179.0,0.16963077
1180.0,1180.0,0.18896161
1181.0,1181.0,0.11576675
1182.0,1182.0,0.13418223
1183.0,1183.0,0.12167445
1184.0,1184.0,0.11253824
1185.0,1185.0,0.25475818
1186.0,1186.0,0.11485956
1187.0,1187.0,0.223994
1188.0,1188.0,0.19077837
1189.0,1189.0,0.048426643
1190.0,1190.0,0.16575758
1191.0,1191.0,0.38720796
1192.0,1192.0,0.27112883
1193.0,1193.0,0.10033381
1194.0,1194.0,0.22580285
1195.0,1195.0,0.21855415
1196.0,1196.0,0.25507343
1197.0,1197.0,0.014918269
1198.0,1198.0,0.23048148
1199.0,1199.0,0.15288222
1200.0,1200.0,0.063968115
1201.0,1201.0,0.2953734
1202.0,1202.0,0.13024221
1203.0,1203.0,0.13910124
1204.0,1204.0,0.1513019
1205.0,1205.0,0.25074705
1206.0,1206.0,0.31852543
1207.0,1207.0,0.08512196
1208.0,1208.0,0.08007022
1209.0,1209.0,0.18745168
1210.0,1210.0,0.20350733
1211.0,1211.0,0.20300247
1212.0,1212.0,0.1138446
1213.0,1213.0,0.26360208
1214.0,1214.0,0.07049868
1215.0,1215.0,0.19631879
1216.0,1216.0,0.29012078
1217.0,1217.0,0.095698066
1218.0,1218.0,0.26481754
1219.0,1219.0,0.28171656
1220.0,1220.0,0.45489398
1221.0,1221.0,0.15157226
1222.0,1222.0,0.21244183
1223.0,1223.0,0.11991749
1224.0,1224.0,0.35628462
1225.0,1225.0,0.30066264
1226.0,1226.0,0.48715132
1227.0,1227.0,0.41654614
1228.0,1228.0,0.45816937
1229.0,1229.0,0.17980272
1230.0,1230.0,0.21720074
1231.0,1231.0,0.2852309
1232.0,1232.0,0.4856048
1233.0,1233.0,0.43625
1234.0,1234.0,0.374381
1235.0,1235.0,0.3912445
1236.0,1236.0,0.5153905
1237.0,1237.0,0.3993511
1238.0,1238.0,0.36434203
1239.0,1239.0,0.4368469
1240.0,1240.0,0.32713035
1241.0,1241.0,0.16702814
1242.0,1242.0,0.22056556
1243.0,1243.0,0.16162373
1244.0,1244.0,0.18118465
1245.0,1245.0,0.2184439
1246.0,1246.0,0.3258404
1247.0,1247.0,0.4420597
1248.0,1248.0,0.5416765
1249.0,1249.0,0.6610569
1250.0,1250.0,0.70607406
1251.0,1251.0,0.37393638
1252.0,1252.0,0.2757225
1253.0,1253.0,0.33892176
1254.0,1254.0,0.2508216
1255.0,1255.0,0.22113241
1256.0,1256.0,0.33294868
1257.0,1257.0,0.57175785
1258.0,1258.0,0.4361185
1259.0,1259.0,0.14298478
1260.0,1260.0,0.2642545
1261.0,1261.0,0.3377316
1262.0,1262.0,0.42441276
1263.0,1263.0,0.25155833
1264.0,1264.0,0.14760394
1265.0,1265.0,0.33213842
1266.0,1266.0,0.36530915
1267.0,1267.0,0.40275627
1268.0,1268.0,0.4127351
1269.0,1269.0,0.13323422
1270.0,1270.0,0.31727725
1271.0,1271.0,0.3997114
1272.0,1272.0,0.2740189
1273.0,1273.0,0.08714751
1274.0,1274.0,0.22463351
1275.0,1275.0,0.29037002
1276.0,1276.0,0.42928743
1277.0,1277.0,0.39592707
1278.0,1278.0,0.13961484
1279.0,1279.0,0.25023812
1280.0,1280.0,0.18782513
1281.0,1281.0,0.36906826
1282.0,1282.0,0.3729071
1283.0,1283.0,0.062006734
1284.0,1284.0,0.1450402
1285.0,1285.0,0.2259273
1286.0,1286.0,0.13039747
1287.0,1287.0,0.15901557
1288.0,1288.0,0.1566416
1289.0,1289.0,0.30481014
1290.0,1290.0,0.45877108
1291.0,1291.0,0.68933916
1292.0,1292.0,0.5637798
1293.0,1293.0,0.13832477
1294.0,1294.0,0.06618685
1295.0,1295.0,0.11439602
1296.0,1296.0,0.11239744
1297.0,1297.0,0.038434755
1298.0,1298.0,0.014651562
1299.0,1299.0,0.36631295
1300.0,1300.0,0.48446313
1301.0,1301.0,0.43808582
1302.0,1302.0,0.60137326
1303.0,1303.0,0.57351756
1304.0,1304.0,0.37096947
1305.0,1305.0,0.3178376
1306.0,1306.0,0.32792377
1307.0,1307.0,0.29150668
1308.0,1308.0,0.1656854
1309.0,1309.0,0.064014696
1310.0,1310.0,0.09123418
1311.0,1311.0,0.09231524
1312.0,1312.0,0.060319737
1313.0,1313.0,0.35348272
1314.0,1314.0,0.41613436
1315.0,1315.0,0.122643
1316.0,1316.0,0.23520568
1317.0,1317.0,0.33628696
1318.0,1318.0,0.50774974
1319.0,1319.0,0.33942136
1320.0,1320.0,0.2422534
1321.0,1321.0,0.29471758
1322.0,1322.0,0.18357325
1323.0,1323.0,0.34967318
1324.0,1324.0,0.30796617
1325.0,1325.0,0.19024879
1326.0,1326.0,0.10592729
1327.0,1327.0,0.07251478
1328.0,1328.0,0.07413996
1329.0,1329.0,0.014827284
1330.0,1330.0,0.18965076
1331.0,1331.0,0.131411
1332.0,1332.0,0.31237108
1333.0,1333.0,0.110295236
1334.0,1334.0,0.14237688
1335.0,1335.0,0.29265743
1336.0,1336.0,0.47652712
1337.0,1337.0,0.33338833
1338.0,1338.0,0.12749313
1339.0,1339.0,0.2658494
1340.0,1340.0,0.23903082
1341.0,1341.0,0.27158368
1342.0,1342.0,0.27492437
1343.0,1343.0,0.24571207
1344.0,1344.0,0.26192212
1345.0,1345.0,0.119211555
1346.0,1346.0,0.100673564
1347.0,1347.0,0.0827344
1348.0,1348.0,0.0602176
1349.0,1349.0,0.24824056
1350.0,1350.0,0.08248255
1351.0,1351.0,0.06376587
1352.0,1352.0,0.03241562
1353.0,1353.0,0.1380564
1354.0,1354.0,0.15363918
1355.0,1355.0,0.123206735
1356.0,1356.0,0.24371238
1357.0,1357.0,0.28048807
1358.0,1358.0,0.2580488
1359.0,1359.0,0.22246526
1360.0,1360.0,0.22521853
1361.0,1361.0,0.12008692
1362.0,1362.0,0.04855829
1363.0,1363.0,0.04967351
1364.0,1364.0,0.07724625
1365.0,1365.0,0.10936188
1366.0,1366.0,0.04720699
1367.0,1367.0,0.23248029
1368.0,1368.0,0.15686288
1369.0,1369.0,0.08471741
1370.0,1370.0,0.06502598
1371.0,1371.0,0.4959752
1372.0,1372.0,0.073085986
1373.0,1373.0,0.10765467
1374.0,1374.0,0.20849048
1375.0,1375.0,0.19477127
1376.0,1376.0,0.30682212
1377.0,1377.0,0.16102846
1378.0,1378.0,0.081362166
1379.0,1379.0,0.011488175
1380.0,1380.0,0.071936205
1381.0,1381.0,0.0477559
1382.0,1382.0,0.09572285
1383.0,1383.0,0.0772516
1384.0,1384.0,0.037394673
1385.0,1385.0,0.07300649
1386.0,1386.0,0.4507396
1387.0,1387.0,0.31507438
1388.0,1388.0,0.19514719
1389.0,1389.0,0.26668787
1390.0,1390.0,0.24617152
1391.0,1391.0,0.20421475
1392.0,1392.0,0.11090561
1393.0,1393.0,0.074985765
1394.0,1394.0,0.02969117
1395.0,1395.0,0.09941813
1396.0,1396.0,0.15974487
1397.0,1397.0,0.03391675
1398.0,1398.0,0.09682445
1399.0,1399.0,0.64101416
1400.0,1400.0,0.53032124
1401.0,1401.0,0.09614994
1402.0,1402.0,0.1878863
1403.0,1403.0,0.14490387
1404.0,1404.0,0.19906138
1405.0,1405.0,0.23149438
1406.0,1406.0,0.19305636
1407.0,1407.0,0.07576273
1408.0,1408.0,0.05099431
1409.0,1409.0,0.040755983
1410.0,1410.0,0.07800058
1411.0,1411.0,0.07141785
1412.0,1412.0,0.019534476
1413.0,1413.0,0.21537395
1414.0,1414.0,0.62915707
1415.0,1415.0,0.5533743
1416.0,1416.0,0.03186707
1417.0,1417.0,0.0595865
1418.0,1418.0,0.21595138
1419.0,1419.0,0.2435073
1420.0,1420.0,0.11170801
1421.0,1421.0,0.007284061
1422.0,1422.0,0.05631911
1423.0,1423.0,0.19647011
1424.0,1424.0,0.13433294
1425.0,1425.0,0.05770816
1426.0,1426.0,0.07367743
1427.0,1427.0,0.21343565
1428.0,1428.0,0.3565587
1429.0,1429.0,0.31359702
1430.0,1430.0,0.1130838
1431.0,1431.0,0.045330986
1432.0,1432.0,0.02215408
1433.0,1433.0,0.11397898
1434.0,1434.0,0.49186864
1435.0,1435.0,0.06353781
1436.0,1436.0,0.04321571
1437.0,1437.0,0.24530184
1438.0,1438.0,0.21454309
1439.0,1439.0,0.101613894
1440.0,1440.0,0.010982321
1441.0,1441.0,0.09181117
1442.0,1442.0,0.19100498
1443.0,1443.0,0.18246324
1444.0,1444.0,0.105450705
1445.0,1445.0,0.06810113
1446.0,1446.0,0.27571556
1447.0,1447.0,0.39358127
1448.0,1448.0,0.39018977
1449.0,1449.0,0.35032648
1450.0,1450.0,0.31151068
1451.0,1451.0,0.14971131
1452.0,1452.0,0.13495627
1453.0,1453.0,0.015914831
1454.0,1454.0,0.034869544
1455.0,1455.0,0.09304452
1456.0,1456.0,0.019917881
1457.0,1457.0,0.06698815
1458.0,1458.0,0.2135084
1459.0,1459.0,0.06438605
1460.0,1460.0,0.072923295
1461.0,1461.0,0.098981746
1462.0,1462.0,0.056078512
1463.0,1463.0,0.07250752
1464.0,1464.0,0.16597997
1465.0,1465.0,0.16855837
1466.0,1466.0,0.068713576
1467.0,1467.0,0.017875673
1468.0,1468.0,0.07784217
1469.0,1469.0,0.16180539
1470.0,1470.0,0.15191653
1471.0,1471.0,0.271017
1472.0,1472.0,0.3368898
1473.0,1473.0,0.27022395
1474.0,1474.0,0.106959194
1475.0,1475.0,0.04741333
1476.0,1476.0,0.17279802
1477.0,1477.0,0.14723442
1478.0,1478.0,0.15941148
1479.0,1479.0,0.27151975
1480.0,1480.0,0.1798834
1481.0,1481.0,0.23462965
1482.0,1482.0,0.30216897
1483.0,1483.0,0.14227262
1484.0,1484.0,0.069111176
1485.0,1485.0,0.18609865
1486.0,1486.0,0.16688564
1487.0,1487.0,0.044170868
1488.0,1488.0,0.05327737
1489.0,1489.0,0.10438411
1490.0,1490.0,0.076303564
1491.0,1491.0,0.108728744
1492.0,1492.0,0.24453433
1493.0,1493.0,0.6531999
1494.0,1494.0,0.31315795
1495.0,1495.0,0.11420068
1496.0,1496.0,0.013601202
1497.0,1497.0,0.043465964
1498.0,1498.0,0.076507196
1499.0,1499.0,0.25757015
1500.0,1500.0,0.24482915
1501.0,1501.0,0.33988905
1502.0,1502.0,0.38738233
1503.0,1503.0,0.40519303
1504.0,1504.0,0.38811895
1505.0,1505.0,0.16482691
1506.0,1506.0,0.07315031
1507.0,1507.0,0.16424637
1508.0,1508.0,0.11642795
1509.0,1509.0,0.048235793
1510.0,1510.0,0.08361624
1511.0,1511.0,0.122993365
1512.0,1512.0,0.118494295
1513.0,1513.0,0.2067144
1514.0,1514.0,0.5544614
1515.0,1515.0,0.33681792
1516.0,1516.0,0.12347417
1517.0,1517.0,0.06771255
1518.0,1518.0,0.078204975
1519.0,1519.0,0.07705764
1520.0,1520.0,0.04031491
1521.0,1521.0,0.20518027
1522.0,1522.0,0.5889576
1523.0,1523.0,0.25879976
1524.0,1524.0,0.081642695
1525.0,1525.0,0.0686421
1526.0,1526.0,0.17118582
1527.0,1527.0,0.0916207
1528.0,1528.0,0.034611102
1529.0,1529.0,0.092653066
1530.0,1530.0,0.26270068
1531.0,1531.0,0.18243332
1532.0,1532.0,0.15322833
1533.0,1533.0,0.21175894
1534.0,1534.0,0.17014976
1535.0,1535.0,0.042059667
1536.0,1536.0,0.034470025
1537.0,1537.0,0.17897302
1538.0,1538.0,0.052885715
1539.0,1539.0,0.021258766
1540.0,1540.0,0.036391992
1541.0,1541.0,0.21963297
1542.0,1542.0,0.35947916
1543.0,1543.0,0.17063217
1544.0,1544.0,0.09644381
1545.0,1545.0,0.06172645
1546.0,1546.0,0.03623943
1547.0,1547.0,0.014815635
1548.0,1548.0,0.04713117
1549.0,1549.0,0.05471651
1550.0,1550.0,0.13347952
1551.0,1551.0,0.1302092
1552.0,1552.0,0.19238469
1553.0,1553.0,0.12788835
1554.0,1554.0,0.055646997
1555.0,1555.0,0.040241707
1556.0,1556.0,0.029141342
1557.0,1557.0,0.056230605
1558.0,1558.0,0.101646766
1559.0,1559.0,0.26289108
1560.0,1560.0,0.17314352
1561.0,1561.0,0.0837103
1562.0,1562.0,0.028010337
1563.0,1563.0,0.030079495
1564.0,1564.0,0.045660425
1565.0,1565.0,0.053241283
1566.0,1566.0,0.09267873
1567.0,1567.0,0.070975974
1568.0,1568.0,0.06889291
1569.0,1569.0,0.19298577
1570.0,1570.0,0.1775301
1571.0,1571.0,0.051714346
1572.0,1572.0,0.008104357
1573.0,1573.0,0.003324306
1574.0,1574.0,0.0858416
1575.0,1575.0,0.0769391
1576.0,1576.0,0.029021611
1577.0,1577.0,0.035679772
1578.0,1578.0,0.17333166
1579.0,1579.0,0.2502738
1580.0,1580.0,0.13744059
1581.0,1581.0,0.08396173
1582.0,1582.0,0.03315675
1583.0,1583.0,0.07588344
1584.0,1584.0,0.028625395
1585.0,1585.0,0.091966644
1586.0,1586.0,0.12206977
1587.0,1587.0,0.059589688
1588.0,1588.0,0.12024265
1589.0,1589.0,0.09266588
1590.0,1590.0,0.0863185
1591.0,1591.0,0.050168447
1592.0,1592.0,0.062310465
1593.0,1593.0,0.07700326
1594.0,1594.0,0.048268974
1595.0,1595.0,0.08852009
1596.0,1596.0,0.10114583
1597.0,1597.0,0.22503878
1598.0,1598.0,0.13848342
1599.0,1599.0,0.046805356
1600.0,1600.0,0.028846825
1601.0,1601.0,0.06004211
1602.0,1602.0,0.03615692
1603.0,1603.0,0.07170241
1604.0,1604.0,0.06545492
1605.0,1605.0,0.07986061
1606.0,1606.0,0.15134078
1607.0,1607.0,0.10672107
1608.0,1608.0,0.08362088
1609.0,1609.0,0.02869389
1610.0,1610.0,0.013181929
1611.0,1611.0,0.049988545
1612.0,1612.0,0.032132216
1613.0,1613.0,0.069759116
1614.0,1614.0,0.08177347
1615.0,1615.0,0.06797541
1616.0,1616.0,0.06311616
1617.0,1617.0,0.073595755
1618.0,1618.0,0.081895955
1619.0,1619.0,0.07502446
1620.0,1620.0,0.19993353
1621.0,1621.0,0.17624106
1622.0,1622.0,0.06540557
1623.0,1623.0,0.035376817
1624.0,1624.0,0.014902771
1625.0,1625.0,0.053501505
1626.0,1626.0,0.03980091
1627.0,1627.0,0.04446433
1628.0,1628.0,0.054116476
1629.0,1629.0,0.08034845
1630.0,1630.0,0.050463848
1631.0,1631.0,0.058953457
1632.0,1632.0,0.04934342
1633.0,1633.0,0.1468241
1634.0,1634.0,0.035973787
1635.0,1635.0,0.055630296
1636.0,1636.0,0.045227833
1637.0,1637.0,0.062379856
1638.0,1638.0,0.004024024
1639.0,1639.0,0.010216376
1640.0,1640.0,0.06178475
1641.0,1641.0,0.14458731
1642.0,1642.0,0.066302195
1643.0,1643.0,0.09492714
1644.0,1644.0,0.06293103
1645.0,1645.0,0.006131148
1646.0,1646.0,0.19126749
1647.0,1647.0,0.07421313
1648.0,1648.0,0.049361195
1649.0,1649.0,0.041147906
1650.0,1650.0,0.043151733
1651.0,1651.0,0.05123622
1652.0,1652.0,0.059527695
1653.0,1653.0,0.1609547
1654.0,1654.0,0.08537441
1655.0,1655.0,0.13101144
1656.0,1656.0,0.05683177
1657.0,1657.0,0.16443953
1658.0,1658.0,0.148118
1659.0,1659.0,0.07338737
1660.0,1660.0,0.05214589
1661.0,1661.0,0.11235945
1662.0,1662.0,0.11638554
1663.0,1663.0,0.11671101
1664.0,1664.0,0.12869827
1665.0,1665.0,0.06976321
1666.0,1666.0,0.036595225
1667.0,1667.0,0.054586772
1668.0,1668.0,0.05872002
1669.0,1669.0,0.0051105833
1670.0,1670.0,0.016727645
1671.0,1671.0,0.23038974
1672.0,1672.0,0.051193763
1673.0,1673.0,0.10147548
1674.0,1674.0,0.134006
1675.0,1675.0,0.08636355
1676.0,1676.0,0.06398755
1677.0,1677.0,0.06666695
1678.0,1678.0,0.06283294
1679.0,1679.0,0.05527998
1680.0,1680.0,0.02826316
1681.0,1681.0,0.19938119
1682.0,1682.0,0.09267875
1683.0,1683.0,0.20152384
1684.0,1684.0,0.097469665
1685.0,1685.0,0.044717878
1686.0,1686.0,0.09997552
1687.0,1687.0,0.08576038
1688.0,1688.0,0.08714512
1689.0,1689.0,0.060842406
1690.0,1690.0,0.008103845
1691.0,1691.0,0.0056517953
1692.0,1692.0,0.2138909
1693.0,1693.0,0.21049154
1694.0,1694.0,0.15680218
1695.0,1695.0,0.17033213
1696.0,1696.0,0.079392254
1697.0,1697.0,0.124429345
1698.0,1698.0,0.13886175
1699.0,1699.0,0.11971582
1700.0,1700.0,0.069622606
1701.0,1701.0,0.008523933
1702.0,1702.0,0.007950233
1703.0,1703.0,0.23436828
1704.0,1704.0,0.22927707
1705.0,1705.0,0.120590284
1706.0,1706.0,0.17481866
1707.0,1707.0,0.20921838
1708.0,1708.0,0.18439165
1709.0,1709.0,0.049597505
1710.0,1710.0,0.054192904
1711.0,1711.0,0.13186748
1712.0,1712.0,0.1249222
1713.0,1713.0,0.07601193
1714.0,1714.0,0.036689475
1715.0,1715.0,0.03366791
1716.0,1716.0,0.074156895
1717.0,1717.0,0.15527454
1718.0,1718.0,0.24743162
1719.0,1719.0,0.08649448
1720.0,1720.0,0.077292725
1721.0,1721.0,0.07561573
1722.0,1722.0,0.05889998
1723.0,1723.0,0.036947127
1724.0,1724.0,0.0035620513
1725.0,1725.0,0.20866829
1726.0,1726.0,0.09125726
1727.0,1727.0,0.15092103
1728.0,1728.0,0.14258943
1729.0,1729.0,0.06259862
1730.0,1730.0,0.053967245
1731.0,1731.0,0.1245259
1732.0,1732.0,0.11958766
1733.0,1733.0,0.07567331
1734.0,1734.0,0.24902935
1735.0,1735.0,0.154302
1736.0,1736.0,0.06982351
1737.0,1737.0,0.19577295
1738.0,1738.0,0.21307479
1739.0,1739.0,0.1888785
1740.0,1740.0,0.10314118
1741.0,1741.0,0.059842374
1742.0,1742.0,0.055653665
1743.0,1743.0,0.07259234
1744.0,1744.0,0.08025574
1745.0,1745.0,0.009929931
1746.0,1746.0,0.03954599
1747.0,1747.0,0.0050900537
1748.0,1748.0,0.0012571472
1749.0,1749.0,0.025431495
1750.0,1750.0,0.012883744
1751.0,1751.0,0.07423019
1752.0,1752.0,0.08095403
1753.0,1753.0,0.074094795
1754.0,1754.0,0.019427314
1755.0,1755.0,0.017414063
1756.0,1756.0,0.011785329
1757.0,1757.0,0.064229526
1758.0,1758.0,0.017166905
1759.0,1759.0,0.0051364545
1760.0,1760.0,0.0878847
1761.0,1761.0,0.01920994
1762.0,1762.0,0.1056831
1763.0,1763.0,0.0063288556
1764.0,1764.0,0.0018679627
1765.0,1765.0,0.19040248
1766.0,1766.0,0.13295032
1767.0,1767.0,0.019818265
1768.0,1768.0,0.0059590554
1769.0,1769.0,0.17213741
1770.0,1770.0,0.16065678
1771.0,1771.0,0.07316018
1772.0,1772.0,0.17298478
1773.0,1773.0,0.115370944
1774.0,1774.0,0.049146898
1775.0,1775.0,0.03431591
1776.0,1776.0,0.36217064
1777.0,1777.0,0.28396207
1778.0,1778.0,0.32715768
1779.0,1779.0,0.26505443
1780.0,1780.0,0.21990731
1781.0,1781.0,0.2602827
1782.0,1782.0,0.31775618
1783.0,1783.0,0.26932383
1784.0,1784.0,0.225582
1785.0,1785.0,0.21544373
1786.0,1786.0,0.36353347
1787.0,1787.0,0.3437516
1788.0,1788.0,0.26473704
1789.0,1789.0,0.08376879
1790.0,1790.0,0.16919076
1791.0,1791.0,0.42691028
1792.0,1792.0,0.35343865
1793.0,1793.0,0.29477745
1794.0,1794.0,0.26993677
1795.0,1795.0,0.035609934
1796.0,1796.0,0.067364044
1797.0,1797.0,0.038995445
1798.0,1798.0,0.0752163
1799.0,1799.0,0.112054445
1800.0,1800.0,0.30888733
1801.0,1801.0,0.27480537
1802.0,1802.0,0.17698385
1803.0,1803.0,0.085855946
1804.0,1804.0,0.28763732
1805.0,1805.0,0.25247353
1806.0,1806.0,0.2108283
1807.0,1807.0,0.31160322
1808.0,1808.0,0.3313856
1809.0,1809.0,0.4121682
1810.0,1810.0,0.35468006
1811.0,1811.0,0.42823955
1812.0,1812.0,0.31911358
1813.0,1813.0,0.40397885
1814.0,1814.0,0.5063655
1815.0,1815.0,0.53740454
1816.0,1816.0,0.5233107
1817.0,1817.0,0.7094395
1818.0,1818.0,0.72670597
1819.0,1819.0,0.71390384
1820.0,1820.0,0.60535383
1821.0,1821.0,0.5110637
1822.0,1822.0,0.6571898
1823.0,1823.0,0.64519775
1824.0,1824.0,0.6898861
1825.0,1825.0,0.5325109
1826.0,1826.0,0.07544272
1827.0,1827.0,0.539282
1828.0,1828.0,0.6705707
1829.0,1829.0,0.68434983
1830.0,1830.0,0.402727
1831.0,1831.0,0.5940061
1832.0,1832.0,0.6284481
1833.0,1833.0,0.5468619
1834.0,1834.0,0.42584568
1835.0,1835.0,0.6171627
1836.0,1836.0,0.7168468
1837.0,1837.0,0.41245428
1838.0,1838.0,0.41151518
1839.0,1839.0,0.53488225
1840.0,1840.0,0.64686143
1841.0,1841.0,0.60315037
1842.0,1842.0,0.7282073
1843.0,1843.0,0.71616185
1844.0,1844.0,0.5346427
1845.0,1845.0,0.6536038
1846.0,1846.0,0.69062823
1847.0,1847.0,0.5632399
1848.0,1848.0,0.2591828
1849.0,1849.0,0.588814
1850.0,1850.0,0.6299159
1851.0,1851.0,0.6165404
1852.0,1852.0,0.3601962
1853.0,1853.0,0.6113042
1854.0,1854.0,0.60365325
1855.0,1855.0,0.6068593
1856.0,1856.0,0.5696425
1857.0,1857.0,0.48481074
1858.0,1858.0,0.64786613
1859.0,1859.0,0.6130973
1860.0,1860.0,0.7213165
1861.0,1861.0,0.7375287
1862.0,1862.0,0.57612324
1863.0,1863.0,0.24703842
1864.0,1864.0,0.59488016
1865.0,1865.0,0.62137455
1866.0,1866.0,0.6548936
1867.0,1867.0,0.52300185
1868.0,1868.0,0.5900446
1869.0,1869.0,0.5669416
1870.0,1870.0,0.5848936
1871.0,1871.0,0.57947606
1872.0,1872.0,0.537332
1873.0,1873.0,0.5587994
1874.0,1874.0,0.61539006
1875.0,1875.0,0.61061317
1876.0,1876.0,0.40657902
1877.0,1877.0,0.52377
1878.0,1878.0,0.53601056
1879.0,1879.0,0.4634158
1880.0,1880.0,0.09389491
1881.0,1881.0,0.3840068
1882.0,1882.0,0.077889554
1883.0,1883.0,0.6653239
1884.0,1884.0,0.14735326
1885.0,1885.0,0.48381105
1886.0,1886.0,0.6538214
1887.0,1887.0,0.52997166
1888.0,1888.0,0.39448166
1889.0,1889.0,0.64136684
1890.0,1890.0,0.62864727
1891.0,1891.0,0.5873259
1892.0,1892.0,0.55086863
1893.0,1893.0,0.6209239
1894.0,1894.0,0.6616067
1895.0,1895.0,0.6693176
1896.0,1896.0,0.64755833
1897.0,1897.0,0.6880891
1898.0,1898.0,0.7268107
1899.0,1899.0,0.70084906
1900.0,1900.0,0.57481885
1901.0,1901.0,0.4880518
1902.0,1902.0,0.5663262
1903.0,1903.0,0.536939
1904.0,1904.0,0.70119375
1905.0,1905.0,0.62287605
1906.0,1906.0,0.43391728
1907.0,1907.0,0.67617506
1908.0,1908.0,0.65482193
1909.0,1909.0,0.71617675
1910.0,1910.0,0.043550562
1911.0,1911.0,0.3431569
1912.0,1912.0,0.050989527
1913.0,1913.0,0.047947202
1914.0,1914.0,0.06369996
1915.0,1915.0,0.05420717
1916.0,1916.0,0.088191494
1917.0,1917.0,0.5185937
1918.0,1918.0,0.1162688
1919.0,1919.0,0.6149518
1920.0,1920.0,0.539022
1921.0,1921.0,0.0570325
1922.0,1922.0,0.093161955
1923.0,1923.0,0.14469834
1924.0,1924.0,0.21213195
1925.0,1925.0,0.014139187
1926.0,1926.0,0.2981491
1927.0,1927.0,0.06930618
1928.0,1928.0,0.08547213
1929.0,1929.0,0.07308297
1930.0,1930.0,0.07516606
1931.0,1931.0,0.046453036
1932.0,1932.0,0.07319037
1933.0,1933.0,0.07741614
1934.0,1934.0,0.053726446
